Naam,Categorie,Instagram URL,Genres
"Jade Kops",Deelnemer,"https://www.instagram.com/mijnlevenmetkanker/","Lifestyle,Entertainment"
"Thijmen Schoorl",Deelnemer,"https://www.instagram.com/thijmenschoorl/","Comedy,Entertainment"
"Joep van Poorten",Deelnemer,"https://www.instagram.com/broederjoep/","Info,Entertainment"
"Sanne Akkerman",Deelnemer,"https://www.instagram.com/laviesanne/","Lifestyle,Entertainment"
"Charo Walop",Deelnemer,"https://www.instagram.com/rotterdamse.poetsqueen/","Comedy,Entertainment"
"Bonnie Nottroth",Deelnemer,"https://www.instagram.com/bijbonnie/","Lifestyle,Entertainment"
"Julia Koopman",Deelnemer,"https://www.instagram.com/juliakoopman/","Lifestyle,Entertainment"
"Bram de Wijs",Deelnemer,"https://www.instagram.com/bramdewijss/","Comedy,Entertainment"
"Naiza Helder",Deelnemer,"https://www.instagram.com/naizaahr/","Entertainment,Lifestyle"
"Bender",Deelnemer,"https://www.instagram.com/benderbijofficial/","Info,Media,Entertainment"
"Rhodé Kok",Deelnemer,"https://www.instagram.com/rhodekok/","Lifestyle,Entertainment"
"Julia Heetman",Deelnemer,"https://www.instagram.com/juliaheetman/","Lifestyle,Entertainment"
"Matthyas het Lam",Deelnemer,"https://www.instagram.com/matthy/","Comedy,Entertainment"
"Indy Isabella",Deelnemer,"https://www.instagram.com/indyiisabella/","Lifestyle,Entertainment"
"Camiel Kesbeke",Deelnemer,"https://www.instagram.com/camielkesbeke/","Comedy,Entertainment"
"Roy Helmerhorst",Deelnemer,"https://www.instagram.com/akkennisclips/","Info,Entertainment"
"Miljuschka Witzenhausen",Deelnemer,"https://www.instagram.com/miljuschka/","Lifestyle,Entertainment"
"Koen van Heest",Deelnemer,"https://www.instagram.com/koen/","Comedy,Entertainment"
"Jarl van den Berg",Deelnemer,"https://www.instagram.com/jarlvandenberg/","Entertainment,Lifestyle"
"Davine Perik",Deelnemer,"https://www.instagram.com/davineperik/","Lifestyle,Entertainment"
"Harléya La Reine",Deelnemer,"https://www.instagram.com/harleyalareine/","Entertainment,Lifestyle"
"Ezra van Hamelen",Deelnemer,"https://www.instagram.com/ezravanhamelen/","Entertainment,Comedy"
"Milo ter Reegen",Deelnemer,"https://www.instagram.com/milodetiktokker/","Comedy,Entertainment"
"Jasper Schilder",Deelnemer,"https://www.instagram.com/sarcasper_/","Comedy,Entertainment"
"Abdulahi Mussa Ali",Deelnemer,"https://www.instagram.com/apsonarmy/","Comedy,Entertainment"
"Isa Sitskoorn",Deelnemer,"https://www.instagram.com/isasitskoorn/","Lifestyle,Entertainment"
"Soundos El Ahmadi",Deelnemer,"https://www.instagram.com/soundoselahmadi/","Comedy,Entertainment,Media"
"Luna Nieuwboer",Deelnemer,"https://www.instagram.com/lunanieuwboer/","Lifestyle,Entertainment"
"Kiki Bosman",Deelnemer,"https://www.instagram.com/kieklola/","Lifestyle,Entertainment"
"Niek Velner",Deelnemer,"https://www.instagram.com/niek.velner/","Comedy,Entertainment"
"Rosina Cehic",Deelnemer,"https://www.instagram.com/appelkaas/","Comedy,Entertainment"
"Lotte van Eijk",Deelnemer,"https://www.instagram.com/lovaeij/","Lifestyle,Entertainment"
"Sepp van Dijk",Deelnemer,"https://www.instagram.com/a_twisted_chef/","Lifestyle,Entertainment"
"Myron Koops",Deelnemer,"https://www.instagram.com/myronkoops/","Entertainment,Comedy"
"Emma Wagemans",Deelnemer,"https://www.instagram.com/emmawagemans/","Lifestyle,Entertainment"
"Annemarie Lekkerkerker",Deelnemer,"https://www.instagram.com/lekkeran/","Lifestyle,Entertainment"
"Chachi Versaci",Deelnemer,"https://www.instagram.com/chachiversaci_/","Lifestyle,Entertainment"
"Luuk van Leeuwen",Deelnemer,"https://www.instagram.com/akaluuk/","Comedy,Entertainment"
"Amber Dokter",Deelnemer,"https://www.instagram.com/amberdokter/","Lifestyle,Entertainment"
"Armaan Banaan",Deelnemer,"https://www.instagram.com/armaanbanaan/","Comedy,Entertainment"
"Raoul de Graaf",Deelnemer,"https://www.instagram.com/roeliegeenboomer/","Comedy,Entertainment"
"Elise Janssen",Deelnemer,"https://www.instagram.com/dokterelise_/","Info,Lifestyle"
"Shaquille Lo-Fo-Sang",Deelnemer,"https://www.instagram.com/shaquilleljr/","Sport,Entertainment"
